SampleID,ES_Number,Collection_day,Pot_Replicate,Treatment,Ave_worm_pot,depth
B1_ITS_apple,ES1,12D,Control,Control,0.0,128596.0
B2_ITS_apple,ES1,12D,1,Worm,100.0,89284.0
B3_ITS_apple,ES1,12D,2,Worm,366.66666666666663,74197.0
B4_ITS_apple,ES1,12D,3,Worm,0.0,54957.0
C1_ITS_apple,ES1,15D,Control,Control,0.0,73999.0
C2_ITS_apple,ES1,15D,1,Worm,900.0,61425.0
C3_ITS_apple,ES1,15D,2,Worm,66.66666666666666,65272.0
C4_ITS_apple,ES1,15D,3,Worm,100.0,64782.0
D1_ITS_apple,ES1,18D,Control,Control,0.0,60359.0
D2_ITS_apple,ES1,18D,1,Worm,0.0,60855.0
D3_ITS_apple,ES1,18D,2,Worm,0.0,64512.0
E3_ITS_apple,ES1,21D,2,Worm,200.0,56161.0
E4_ITS_apple,ES1,21D,3,Worm,33.0,65226.0
G3_ITS_apple,ES2,12D,2,Worm,0.0,46515.0
G4_ITS_apple,ES2,12D,3,Worm,1500.0,130990.0
H3_ITS_apple,ES2,15D,2,Worm,300.0,21147.0
H4_ITS_apple,ES2,15D,3,Worm,800.0,116693.0
I1_ITS_apple,ES2,18D,Control,Control,0.0,14757.0
I3_ITS_apple,ES2,18D,2,Worm,0.0,50959.0
I4_ITS_apple,ES2,18D,3,Worm,466.6666666666667,110793.0
J1_ITS_apple,ES2,21D,Control,Control,0.0,80598.0
J2_ITS_apple,ES2,21D,1,Worm,1633.3333333333333,53313.0
J3_ITS_apple,ES2,21D,2,Worm,300.0,155973.0
J4_ITS_apple,ES2,21D,3,Worm,18966.666666666664,89135.0
K1_ITS_apple,ES3,12D,Control,Control,0.0,64344.0
K3_ITS_apple,ES3,12D,2,Worm,666.6666666666667,65151.0
K4_ITS_apple,ES3,12D,3,Worm,200.0,67056.0
L1_ITS_apple,ES3,15D,Control,Control,0.0,74504.0
L2_ITS_apple,ES3,15D,1,Worm,5566.666666666666,136830.0
L3_ITS_apple,ES3,15D,2,Worm,133.33333333333331,64676.0
L4_ITS_apple,ES3,15D,3,Worm,1133.3333333333335,74006.0
M1_ITS_apple,ES3,18D,Control,Control,0.0,75329.0
M2_ITS_apple,ES3,18D,1,Worm,1100.0,66770.0
M3_ITS_apple,ES3,18D,2,Worm,3800.0,67395.0
M4_ITS_apple,ES3,18D,3,Worm,600.0,75681.0
N1_ITS_apple,ES3,21D,Control,Control,0.0,59505.0
N4_ITS_apple,ES3,21D,3,Worm,66.66666666666666,58759.0
