SampleID,ES_Number,Collection_day,Pot_Replicate,Compartment,Treatment,worm,L1_L2,L3_L4,Adult,p_L1_L2,p_L3_L4,p_Adult,maturity,N_primer,S_primer
B1_Ss,ES1,12D,Control,Ss,Control,0.0,0.0,0.0,0.0,,,,,N701,S502
B2_Sd,ES1,12D,Control,Sd,Control,0.0,0.0,0.0,0.0,,,,,N701,S503
B4_Ss,ES1,12D,1,Ss,Worm,400.0,167.0,133.0,67.0,45.50408719346049,36.23978201634878,18.256130790190735,0.3637602179836512,N701,S505
B5_Sd,ES1,12D,1,Sd,Worm,33.0,0.0,33.0,0.0,0.0,100.0,0.0,0.5,N701,S506
B7_Ss,ES1,12D,2,Ss,Worm,267.0,133.0,0.0,133.0,50.0,0.0,50.0,0.5,N701,S507
B8_Sd,ES1,12D,2,Sd,Worm,0.0,0.0,0.0,0.0,,,,,N701,S510
B10_Ss,ES1,12D,3,Ss,Worm,67.0,0.0,33.0,33.0,0.0,50.0,50.0,0.75,N701,S511
B11_Sd,ES1,12D,3,Sd,Worm,0.0,0.0,0.0,0.0,,,,,N701,S513
C1_Ss,ES1,15D,Control,Ss,Control,0.0,0.0,0.0,0.0,,,,,N701,S515
C2_Sd,ES1,15D,Control,Sd,Control,0.0,0.0,0.0,0.0,,,,,N701,S516
C4_Ss,ES1,15D,1,Ss,Worm,1467.0,1067.0,300.0,100.0,72.733469665985,20.449897750511248,6.81663258350375,0.17041581458759372,N702,S502
C5_Sd,ES1,15D,1,Sd,Worm,33.0,0.0,0.0,33.0,0.0,0.0,100.0,1.0,N702,S503
C7_Ss,ES1,15D,2,Ss,Worm,333.0,133.0,100.0,100.0,39.93993993993994,30.03003003003003,30.03003003003003,0.45045045045045046,N702,S505
C8_Sd,ES1,15D,2,Sd,Worm,100.0,33.0,0.0,67.0,33.0,0.0,67.0,0.67,N702,S506
C10_Ss,ES1,15D,3,Ss,Worm,1167.0,233.0,467.0,467.0,19.96572407883462,40.01713796058269,40.01713796058269,0.6002570694087404,N702,S507
C11_Sd,ES1,15D,3,Sd,Worm,33.0,33.0,0.0,0.0,100.0,0.0,0.0,0.0,N702,S510
D1_Ss,ES1,18D,Control,Ss,Control,0.0,0.0,0.0,0.0,,,,,N702,S511
D2_Sd,ES1,18D,Control,Sd,Control,0.0,0.0,0.0,0.0,,,,,N702,S513
D4_Ss,ES1,18D,1,Ss,Worm,400.0,33.0,167.0,200.0,8.25,41.75,50.0,0.70875,N702,S515
D5_Sd,ES1,18D,1,Sd,Worm,0.0,0.0,0.0,0.0,,,,,N702,S516
D7_Ss,ES1,18D,2,Ss,Worm,533.0,67.0,167.0,267.0,13.373253493013973,33.333333333333336,53.293413173652695,0.6996007984031936,N703,S502
D10_Ss,ES1,18D,3,Ss,Worm,67.0,0.0,33.0,33.0,0.0,50.0,50.0,0.75,N703,S503
D11_Sd,ES1,18D,3,Sd,Worm,0.0,0.0,0.0,0.0,,,,,N703,S505
E1_Ss,ES1,21D,Control,Ss,Control,0.0,0.0,0.0,0.0,,,,,N703,S506
E2_Sd,ES1,21D,Control,Sd,Control,0.0,0.0,0.0,0.0,,,,,N703,S507
E4_Ss,ES1,21D,1,Ss,Worm,67.0,0.0,33.0,33.0,0.0,50.0,50.0,0.75,N703,S510
E5_Sd,ES1,21D,1,Sd,Worm,0.0,0.0,0.0,0.0,,,,,N703,S511
E7_Ss,ES1,21D,2,Ss,Worm,867.0,33.0,267.0,567.0,3.8062283737024223,30.79584775086505,65.39792387543253,0.8079584775086506,N703,S513
E8_Sd,ES1,21D,2,Sd,Worm,0.0,0.0,0.0,0.0,,,,,N703,S515
E10_Ss,ES1,21D,3,Ss,Worm,200.0,0.0,67.0,133.0,0.0,33.5,66.5,0.8325,N703,S516
E11_Sd,ES1,21D,3,Sd,Worm,67.0,0.0,0.0,67.0,0.0,0.0,100.0,1.0,N705,S502
G1_Ss,ES2,12D,Control,Ss,Control,0.0,0.0,0.0,0.0,,,,,N705,S503
G2_Sd,ES2,12D,Control,Sd,Control,0.0,0.0,0.0,0.0,,,,,N705,S505
G4_Ss,ES2,12D,1,Ss,Worm,33.0,33.0,0.0,0.0,100.0,0.0,0.0,0.0,N705,S506
G5_Sd,ES2,12D,1,Sd,Worm,0.0,0.0,0.0,0.0,,,,,N705,S507
G7_Ss,ES2,12D,2,Ss,Worm,500.0,400.0,100.0,0.0,80.0,20.0,0.0,0.1,N705,S510
G8_Sd,ES2,12D,2,Sd,Worm,200.0,167.0,33.0,0.0,83.5,16.5,0.0,0.0825,N705,S511
G10_Ss,ES2,12D,3,Ss,Worm,767.0,433.0,133.0,200.0,56.527415143603136,17.362924281984334,26.109660574412533,0.347911227154047,N705,S513
G11_Sd,ES2,12D,3,Sd,Worm,0.0,0.0,0.0,0.0,,,,,N705,S515
H1_Ss,ES2,15D,Control,Ss,Control,0.0,0.0,0.0,0.0,,,,,N705,S516
H2_Sd,ES2,15D,Control,Sd,Control,0.0,0.0,0.0,0.0,,,,,N706,S502
H4_Ss,ES2,15D,1,Ss,Worm,0.0,0.0,0.0,0.0,,,,,N706,S503
H5_Sd,ES2,15D,1,Sd,Worm,0.0,0.0,0.0,0.0,,,,,N706,S505
H7_Ss,ES2,15D,2,Ss,Worm,2567.0,1367.0,500.0,700.0,53.25282430853136,19.477989871445267,27.269185820023374,0.37008180755746006,N706,S506
H8_Sd,ES2,15D,2,Sd,Worm,1200.0,400.0,467.0,333.0,33.333333333333336,38.916666666666664,27.75,0.47208333333333335,N706,S507
H10_Ss,ES2,15D,3,Ss,Worm,500.0,367.0,100.0,33.0,73.4,20.0,6.6,0.166,N706,S510
H11_Sd,ES2,15D,3,Sd,Worm,0.0,0.0,0.0,0.0,,,,,N706,S511
I1_Ss,ES2,18D,Control,Ss,Control,0.0,0.0,0.0,0.0,,,,,N706,S513
I2_Sd,ES2,18D,Control,Sd,Control,0.0,0.0,0.0,0.0,,,,,N706,S515
I4_Ss,ES2,18D,1,Ss,Worm,1200.0,467.0,433.0,300.0,38.916666666666664,36.083333333333336,25.0,0.43041666666666667,N706,S516
I5_Sd,ES2,18D,1,Sd,Worm,200.0,67.0,67.0,67.0,33.333333333333336,33.333333333333336,33.333333333333336,0.5,N707,S502
I7_Ss,ES2,18D,2,Ss,Worm,100.0,0.0,33.0,67.0,0.0,33.0,67.0,0.835,N707,S503
I8_Sd,ES2,18D,2,Sd,Worm,67.0,33.0,0.0,33.0,50.0,0.0,50.0,0.5,N707,S505
I10_Ss,ES2,18D,3,Ss,Worm,600.0,100.0,233.0,267.0,16.666666666666668,38.833333333333336,44.5,0.6391666666666667,N707,S506
I11_Sd,ES2,18D,3,Sd,Worm,0.0,0.0,0.0,0.0,,,,,N707,S507
J1_Ss,ES2,21D,Control,Ss,Control,0.0,0.0,0.0,0.0,,,,,N707,S510
J2_Sd,ES2,21D,Control,Sd,Control,0.0,0.0,0.0,0.0,,,,,N707,S511
J4_Ss,ES2,21D,1,Ss,Worm,26833.0,13133.0,4900.0,8800.0,48.94346513621287,18.261096411135544,32.79543845265159,0.41925986658219355,N707,S513
J5_Sd,ES2,21D,1,Sd,Worm,8667.0,4933.0,2100.0,1633.0,56.92360950842372,24.232633279483036,18.843757212093237,0.3096007385183476,N707,S515
J7_Ss,ES2,21D,2,Ss,Worm,900.0,500.0,233.0,167.0,55.55555555555556,25.88888888888889,18.555555555555557,0.315,N707,S516
J8_Sd,ES2,21D,2,Sd,Worm,33.0,0.0,33.0,0.0,0.0,100.0,0.0,0.5,N710,S502
J10_Ss,ES2,21D,3,Ss,Worm,3700.0,1600.0,1000.0,1100.0,43.24324324324324,27.027027027027028,29.72972972972973,0.43243243243243246,N710,S503
J11_Sd,ES2,21D,3,Sd,Worm,333.0,233.0,67.0,33.0,69.96996996996997,20.12012012012012,9.90990990990991,0.1996996996996997,N710,S505
K1_Ss,ES3,12D,Control,Ss,Control,0.0,0.0,0.0,0.0,,,,,N710,S506
K2_Sd,ES3,12D,Control,Sd,Control,0.0,0.0,0.0,0.0,,,,,N710,S507
K4_Ss,ES3,12D,1,Ss,Worm,0.0,0.0,0.0,0.0,,,,,N710,S510
K5_Sd,ES3,12D,1,Sd,Worm,0.0,0.0,0.0,0.0,,,,,N710,S511
K7_Ss,ES3,12D,2,Ss,Worm,233.0,67.0,100.0,67.0,28.632478632478634,42.73504273504273,28.632478632478634,0.5,N710,S513
K8_Sd,ES3,12D,2,Sd,Worm,67.0,33.0,33.0,0.0,50.0,50.0,0.0,0.25,N710,S515
K10_Ss,ES3,12D,3,Ss,Worm,67.0,33.0,0.0,33.0,50.0,0.0,50.0,0.5,N710,S516
K11_Sd,ES3,12D,3,Sd,Worm,0.0,0.0,0.0,0.0,,,,,N711,S502
L1_Ss,ES3,15D,Control,Ss,Control,0.0,0.0,0.0,0.0,,,,,N711,S503
L2_Sd,ES3,15D,Control,Sd,Control,0.0,0.0,0.0,0.0,,,,,N711,S505
L4_Ss,ES3,15D,1,Ss,Worm,2633.0,533.0,1000.0,1100.0,20.243068742878844,37.9794910748196,41.777440182301554,0.6076718571971136,N711,S506
L5_Sd,ES3,15D,1,Sd,Worm,33.0,0.0,33.0,0.0,0.0,100.0,0.0,0.5,N711,S507
L7_Ss,ES3,15D,2,Ss,Worm,1300.0,467.0,600.0,233.0,35.92307692307692,46.15384615384615,17.923076923076923,0.41,N711,S510
L8_Sd,ES3,15D,2,Sd,Worm,67.0,0.0,33.0,33.0,0.0,50.0,50.0,0.75,N711,S511
L10_Ss,ES3,15D,3,Ss,Worm,367.0,200.0,67.0,100.0,54.49591280653951,18.256130790190735,27.247956403269754,0.3637602179836512,N711,S513
L11_Sd,ES3,15D,3,Sd,Worm,0.0,0.0,0.0,0.0,,,,,N711,S515
M1_Ss,ES3,18D,Control,Ss,Control,0.0,0.0,0.0,0.0,,,,,N711,S516
M2_Sd,ES3,18D,Control,Sd,Control,0.0,0.0,0.0,0.0,,,,,N712,S502
M4_Ss,ES3,18D,1,Ss,Worm,1267.0,367.0,133.0,767.0,28.966061562746646,10.497237569060774,60.53670086819258,0.6578531965272296,N712,S503
M5_Sd,ES3,18D,1,Sd,Worm,300.0,100.0,67.0,133.0,33.333333333333336,22.333333333333332,44.333333333333336,0.555,N712,S505
M7_Ss,ES3,18D,2,Ss,Worm,367.0,200.0,33.0,133.0,54.6448087431694,9.01639344262295,36.33879781420765,0.40846994535519127,N712,S506
M8_Sd,ES3,18D,2,Sd,Worm,33.0,0.0,33.0,0.0,0.0,100.0,0.0,0.5,N712,S507
M10_Ss,ES3,18D,3,Ss,Worm,33.0,0.0,33.0,0.0,0.0,100.0,0.0,0.5,N712,S510
M11_Sd,ES3,18D,3,Sd,Worm,0.0,0.0,0.0,0.0,,,,,N712,S511
N1_Ss,ES3,21D,Control,Ss,Control,0.0,0.0,0.0,0.0,,,,,N712,S513
N2_Sd,ES3,21D,Control,Sd,Control,0.0,0.0,0.0,0.0,,,,,N712,S515
N4_Ss,ES3,21D,1,Ss,Worm,200.0,133.0,0.0,67.0,66.5,0.0,33.5,0.335,N712,S516
N5_Sd,ES3,21D,1,Sd,Worm,400.0,133.0,100.0,167.0,33.25,25.0,41.75,0.5425,N714,S502
N7_Ss,ES3,21D,2,Ss,Worm,367.0,300.0,0.0,67.0,81.74386920980926,0.0,18.256130790190735,0.18256130790190736,N714,S503
N8_Sd,ES3,21D,2,Sd,Worm,367.0,67.0,67.0,233.0,18.256130790190735,18.256130790190735,63.48773841961853,0.726158038147139,N714,S505
N10_Ss,ES3,21D,3,Ss,Worm,733.0,200.0,467.0,67.0,27.247956403269754,63.62397820163488,9.128065395095367,0.4094005449591281,N714,S506
N11_Sd,ES3,21D,3,Sd,Worm,100.0,33.0,67.0,0.0,33.0,67.0,0.0,0.335,N714,S507
D8_Sd,ES1,18D,2,Sd,Worm,0.0,0.0,0.0,0.0,,,,,N714,S507
B1_As,ES1,12D,Control,As,Control,0.0,0.0,0.0,0.0,,,,,N701,S502
B2_As,ES1,12D,1,As,Worm,100.0,100.0,0.0,0.0,100.0,0.0,0.0,0.0,N702,S502
B3_As,ES1,12D,2,As,Worm,366.66666666666663,366.6666666666667,0.0,0.0,100.00000000000001,0.0,0.0,0.0,N703,S502
B4_As,ES1,12D,3,As,Worm,0.0,0.0,0.0,0.0,,,,,N705,S502
C1_As,ES1,15D,Control,As,Control,0.0,0.0,0.0,0.0,,,,,N706,S502
C2_As,ES1,15D,1,As,Worm,900.0,466.6666666666667,433.33333333333337,0.0,51.851851851851855,48.14814814814815,0.0,0.24074074074074076,N707,S502
C3_As,ES1,15D,2,As,Worm,66.66666666666666,66.66666666666667,0.0,0.0,100.0,0.0,0.0,0.0,N710,S502
C4_As,ES1,15D,3,As,Worm,100.0,66.66666666666667,33.333333333333336,0.0,66.66666666666667,33.333333333333336,0.0,0.16666666666666669,N711,S502
D1_As,ES1,18D,Control,As,Control,0.0,0.0,0.0,0.0,,,,,N712,S502
D2_As,ES1,18D,1,As,Worm,0.0,0.0,0.0,0.0,,,,,N714,S502
D3_As,ES1,18D,2,As,Worm,0.0,0.0,0.0,0.0,,,,,N701,S502
D4_As,ES1,18D,3,As,Worm,0.0,0.0,0.0,0.0,,,,,N702,S503
E1_As,ES1,21D,Control,As,Control,0.0,0.0,0.0,0.0,,,,,N703,S503
E2_As,ES1,21D,1,As,Worm,0.0,0.0,0.0,0.0,,,,,N705,S503
E3_As,ES1,21D,2,As,Worm,200.0,33.333333333333336,166.66666666666669,0.0,16.666666666666664,83.33333333333333,0.0,0.41666666666666663,N706,S503
E4_As,ES1,21D,3,As,Worm,33.0,0.0,33.333333333333336,0.0,0.0,100.0,0.0,0.5,N707,S503
G1_As,ES2,12D,Control,As,Control,0.0,0.0,0.0,0.0,,,,,N710,S503
G2_As,ES2,12D,1,As,Worm,133.33333333333331,100.0,33.333333333333336,0.0,75.0,25.0,0.0,0.125,N711,S503
G3_As,ES2,12D,2,As,Worm,0.0,0.0,0.0,0.0,,,,,N712,S503
G4_As,ES2,12D,3,As,Worm,1500.0,1033.3333333333335,333.33333333333337,133.33333333333334,68.88888888888889,22.22222222222222,8.888888888888888,0.19999999999999998,N714,S503
H1_As,ES2,15D,Control,As,Control,0.0,0.0,0.0,0.0,,,,,N701,S505
H2_As,ES2,15D,1,As,Worm,0.0,0.0,0.0,0.0,,,,,N702,S505
H3_As,ES2,15D,2,As,Worm,300.0,66.66666666666667,100.0,133.33333333333334,22.222222222222225,33.333333333333336,44.44444444444445,0.6111111111111112,N703,S505
H4_As,ES2,15D,3,As,Worm,800.0,200.0,200.0,166.66666666666669,35.29411764705882,35.29411764705882,29.41176470588235,0.47058823529411764,N705,S505
I1_As,ES2,18D,Control,As,Control,0.0,0.0,0.0,0.0,,,,,N706,S505
I2_As,ES2,18D,1,As,Worm,700.0,366.6666666666667,233.33333333333334,100.0,52.38095238095239,33.333333333333336,14.285714285714286,0.30952380952380953,N707,S505
I3_As,ES2,18D,2,As,Worm,0.0,0.0,0.0,0.0,,,,,N710,S505
I4_As,ES2,18D,3,As,Worm,466.6666666666667,266.6666666666667,100.0,100.0,57.142857142857146,21.428571428571427,21.428571428571427,0.3214285714285714,N711,S505
J1_As,ES2,21D,Control,As,Control,0.0,0.0,0.0,0.0,,,,,N712,S505
J2_As,ES2,21D,1,As,Worm,1633.3333333333333,200.0,500.00000000000006,933.3333333333334,12.244897959183673,30.612244897959187,57.142857142857146,0.7244897959183674,N714,S505
J3_As,ES2,21D,2,As,Worm,300.0,200.0,33.333333333333336,66.66666666666667,66.66666666666667,11.111111111111112,22.222222222222225,0.2777777777777778,N701,S506
J4_As,ES2,21D,3,As,Worm,18966.666666666664,12566.666666666668,4400.0,2000.0000000000002,66.25659050966608,23.198594024604567,10.54481546572935,0.22144112478031633,N702,S506
K1_As,ES3,12D,Control,As,Control,0.0,0.0,0.0,0.0,,,,,N703,S506
K2_As,ES3,12D,1,As,Worm,766.6666666666667,333.33333333333337,333.33333333333337,100.0,43.47826086956522,43.47826086956522,13.043478260869565,0.34782608695652173,N705,S506
K3_As,ES3,12D,2,As,Worm,666.6666666666667,266.6666666666667,133.33333333333334,200.0,44.44444444444445,22.222222222222225,33.333333333333336,0.4444444444444445,N706,S506
K4_As,ES3,12D,3,As,Worm,200.0,0.0,66.66666666666667,100.0,0.0,40.0,59.99999999999999,0.7999999999999999,N707,S506
L1_As,ES3,15D,Control,As,Control,0.0,0.0,0.0,0.0,,,,,N710,S506
L2_As,ES3,15D,1,As,Worm,5566.666666666666,2466.666666666667,2700.0,333.33333333333337,44.84848484848485,49.09090909090909,6.060606060606061,0.3060606060606061,N711,S506
L3_As,ES3,15D,2,As,Worm,133.33333333333331,0.0,33.333333333333336,66.66666666666667,0.0,33.333333333333336,66.66666666666667,0.8333333333333335,N712,S506
L4_As,ES3,15D,3,As,Worm,1133.3333333333335,700.0,266.6666666666667,166.66666666666669,61.764705882352935,23.52941176470588,14.705882352941176,0.2647058823529411,N714,S506
M1_As,ES3,18D,Control,As,Control,0.0,0.0,0.0,0.0,,,,,N701,S507
M2_As,ES3,18D,1,As,Worm,1100.0,300.0,266.6666666666667,200.0,39.13043478260869,34.78260869565217,26.08695652173913,0.43478260869565216,N702,S507
M3_As,ES3,18D,2,As,Worm,3800.0,866.6666666666667,1100.0,1000.0000000000001,29.213483146067414,37.078651685393254,33.70786516853933,0.5224719101123595,N703,S507
M4_As,ES3,18D,3,As,Worm,600.0,233.33333333333334,100.0,133.33333333333334,50.0,21.428571428571423,28.57142857142857,0.3928571428571428,N705,S507
N1_As,ES3,21D,Control,As,Control,0.0,0.0,0.0,0.0,,,,,N706,S507
N2_As,ES3,21D,1,As,Worm,33.33333333333333,0.0,0.0,33.333333333333336,0.0,0.0,100.0,1.0,N707,S507
N3_As,ES3,21D,2,As,Worm,100.0,0.0,33.333333333333336,33.333333333333336,0.0,50.0,50.0,0.75,N710,S507
N4_As,ES3,21D,3,As,Worm,66.66666666666666,0.0,0.0,0.0,,,,,N711,S507
